﻿<Module>
  <Name value="OphiasPerkFixes - Jiro's Fix" />
  <Id value="OphiasPerkFixes" />
  <Version value="v0.5.1" />
  <SingleplayerModule value="true" />
  <MultiplayerModule value="false" />
  <DependedModules>
    <DependedModule Id="Native" />
    <DependedModule Id="SandBoxCore" />
    <DependedModule Id="Sandbox" />
    <DependedModule Id="StoryMode" />
  </DependedModules>
  <SubModules>
    <SubModule>
      <Name value="XYZMod" />
      <DLLName value="OphiasPerkFixes.dll" />
      <SubModuleClassType value="OphiasPerkFixes.SM_opsSubModule" />
      <Tags>
        <Tag key="DedicatedServerType" value="none" />
        <Tag key="IsNoRenderModeElement" value="false" />
      </Tags>
    </SubModule>
  </SubModules>
</Module>
